age,income,transactions,score,category
38.0,80457.93344720863,,,A
25.0,73427.77472957529,14.0,,A
43.0,49207.796500728145,10.0,0.6020033387315509,A
44.0,37462.44815938655,,0.7657410733436588,B
15.0,15532.067432375232,17.0,0.6415438012829048,A
22.0,51847.56738101048,13.0,0.6687838704318253,A
36.0,96306.22518371104,12.0,0.6544513871571774,B
32.0,66523.2640719547,10.0,0.70462324678815,A
35.0,51606.41570925766,10.0,0.9416145672834146,A
26.0,66976.2031425046,,0.7456509503938782,A
44.0,36585.624705083355,16.0,0.36294910232316974,C
,55540.149559535465,16.0,0.6669992272918355,A
36.0,,17.0,0.7712221152154827,B
46.0,58708.490222684275,14.0,0.7804051209804219,C
40.0,71862.0918253512,,,B
,65169.67839354079,22.0,0.7747416667782191,A
39.0,70024.89027161995,,0.7391613599326807,B
25.0,49674.41576653861,,0.9858776155454595,A
,73467.23112615822,,0.48749973956272324,A
35.0,84434.05421435987,18.0,0.5238899135399362,B
33.0,45447.75720522881,18.0,0.5540821427310069,A
28.0,46684.5651642816,,0.5264666774941837,A
47.0,80036.7650448035,17.0,0.46649688753545954,A
33.0,,12.0,0.18559867414893855,A
31.0,81057.32088099836,14.0,0.5347950789415299,A
31.0,53361.96432161724,11.0,0.6554037089549857,B
40.0,,13.0,,C
39.0,61972.287252081784,19.0,0.8903071775293665,A
39.0,63873.43234984043,18.0,0.6020063719073794,B
39.0,83470.77032504856,11.0,0.7936543582776203,A
56.0,54573.44283833743,14.0,0.6392130619094952,A
31.0,45883.168561125625,8.0,0.7239610964839887,A
30.0,,19.0,0.6418862330900343,A
27.0,66785.00925964708,20.0,0.8053176947855344,A
41.0,,11.0,0.60839090251986,A
46.0,,16.0,0.6744181062133179,A
34.0,51918.43023573385,17.0,0.6549499400475065,B
27.0,77217.18991100346,15.0,0.5567571812809021,A
27.0,24086.095426492924,,0.6607473478387015,A
42.0,48201.51337343747,14.0,0.9351579369296523,A
42.0,34702.97773148847,17.0,0.5594404586856837,B
40.0,47606.55800454071,19.0,0.6629197339279872,A
28.0,63714.98851663415,13.0,0.7886668426304164,B
37.0,57311.60061825368,19.0,0.771037992141642,A
36.0,56199.33646577978,21.0,0.6017574626579048,A
37.0,57612.22692929909,,0.24249169455639574,C
,63050.82360929915,,0.6775054227972699,A
37.0,44871.95937085338,8.0,0.26707886120654206,A
42.0,70602.74461348576,18.0,0.8204905846411846,A
36.0,,17.0,0.625421080678989,C
38.0,65775.56906484152,11.0,0.7499511029807984,B
41.0,,15.0,0.4646833292728423,B
20.0,64446.27001212989,9.0,0.3671238790049918,C
32.0,90526.09954096601,18.0,0.639113157621175,A
,58693.58743421235,18.0,,C
29.0,55393.751724981346,18.0,0.5262688760764251,A
32.0,48697.08629463933,13.0,0.6126991921099145,B
50.0,44516.059941332445,11.0,1.015115383804839,A
26.0,41332.92318598387,10.0,0.7251788321053586,A
45.0,46668.040301536224,11.0,,C
18.0,58939.794275218934,19.0,0.7265905337330033,A
32.0,65014.42692746572,17.0,,C
,60767.13087828243,14.0,0.5714892490648883,A
,48516.970838554305,11.0,0.29178580384870595,B
42.0,73502.76846029944,17.0,0.5717120800490985,C
43.0,,18.0,0.7217603564994752,A
32.0,57605.27538866975,16.0,0.45452994073273895,C
30.0,50206.25783002932,17.0,0.5735451074266005,B
44.0,272905.675249788,,0.49623453854965305,B
33.0,62819.60381229156,14.0,0.8253043877764695,A
22.0,38278.091108774286,19.0,0.7124185523109845,B
,58980.29616023393,14.0,0.6977310930965939,B
26.0,63930.53718111572,15.0,0.6932401969681456,A
15.0,20623.02728533916,16.0,0.9443597103612957,A
36.0,62847.65089256164,8.0,0.6296334423791256,A
42.0,38177.662721133165,,0.42222231292015233,C
31.0,80042.79150018256,21.0,0.2720337031874149,A
37.0,78719.24977589148,7.0,0.6225121695517536,B
41.0,56212.239985455526,16.0,0.6485985384408216,C
32.0,65451.815067586096,17.0,0.7813896852638066,A
40.0,23851.170513001874,9.0,0.8357003724123551,A
28.0,42654.78509602001,14.0,0.835499772749842,B
31.0,55593.31619771805,13.0,0.4502964610059183,A
31.0,43918.00467859711,7.0,0.5471602447575346,B
,70715.94723945989,,0.6720501443822069,B
40.0,89959.4479612199,22.0,0.9797857016613265,B
,42350.779208560474,9.0,0.8220148805570874,A
,47438.04893872211,16.0,0.767909574299757,B
40.0,63531.72552464895,19.0,0.5418318066676064,B
39.0,84166.74222749431,14.0,0.4675200553267313,A
42.0,41664.38531190145,23.0,0.7183361825074859,B
34.0,63735.541834604126,19.0,,C
31.0,87319.48276219663,14.0,0.5642345473529546,B
34.0,35223.61277731099,16.0,0.5827833076497115,A
18.0,40783.96189731252,13.0,0.8389368133684212,A
,53645.90090308743,16.0,0.5467954045560484,A
22.0,52191.17380716884,,0.23411255421410765,A
25.0,72189.01931630466,22.0,0.6756666971493702,A
39.0,63624.89579731257,13.0,0.495146722034411,C
26.0,33375.56910536808,16.0,0.606394653665662,A
31.0,67731.15604351216,17.0,0.5869942948736814,C
48.0,51336.916689665246,13.0,0.5589444006273347,A
31.0,79116.70825411858,13.0,0.7185510872677056,A
42.0,50586.1869534462,11.0,0.3700702682470939,A
26.0,50450.770753466466,14.0,0.5224478662568459,A
33.0,68116.97416206797,16.0,0.7026056869676072,B
25.0,71443.89723505406,12.0,,C
32.0,66721.49045904305,22.0,0.3586789936095042,C
43.0,,17.0,0.7002833014885104,A
18.0,68070.51659892377,23.0,0.7684641945662308,B
39.0,44485.37922488402,22.0,0.5932507188535491,A
37.0,63529.14167382395,17.0,0.3058731602295701,C
29.0,,20.0,0.7058954620048224,B
21.0,66694.83221314596,15.0,0.3510168177870468,A
36.0,47901.01643538941,19.0,0.6463198915272248,A
30.0,,20.0,0.466880426288676,A
37.0,70707.302047236,16.0,0.4260241071349552,A
35.0,63624.66782515127,15.0,0.5337134974380464,C
51.0,50790.34797910655,20.0,0.572505366535911,B
33.0,81767.68273531596,16.0,0.5033687624420328,C
25.0,53390.213676453866,13.0,0.6883054917322726,A
37.0,,19.0,,B
37.0,64033.70171517901,,0.7470286307507733,A
49.0,50705.0109880708,13.0,0.6421759748465219,B
43.0,67067.04440099894,19.0,0.4953664190105538,A
39.0,51998.214792529136,,0.4701090174251571,A
50.0,53825.42516675686,15.0,0.35287555514288416,B
23.0,80439.63959705012,10.0,0.6436099766800233,A
29.0,44391.20921231351,13.0,0.5468118679122963,A
26.0,23808.29503605765,15.0,0.24417067079047283,B
31.0,84164.05492517841,10.0,0.51964276908459,A
21.0,98239.91928910505,13.0,0.4648448956117572,C
41.0,53920.96101826002,23.0,0.836351638825599,B
33.0,30947.42939069722,20.0,,C
20.0,55342.740357060844,14.0,0.38379738003989194,B
,55706.65575238996,13.0,,B
38.0,57151.14238466614,19.0,0.8035144736195945,B
43.0,43299.17937117227,10.0,0.48825255919115373,C
55.0,68693.41713714716,21.0,0.5051871265786634,B
64.0,67867.61062929129,14.0,0.6924353094829969,A
20.0,21930.119078600852,13.0,0.9308937698236038,A
25.0,70487.95097542331,17.0,0.32082094732416655,B
,90790.27472918836,,0.5578899898723932,A
38.0,62579.4049865559,19.0,0.8324835849193688,A
27.0,54940.12256897241,15.0,0.534640486774989,A
31.0,57869.95178388718,15.0,0.6151405187602732,B
29.0,69228.85150452841,14.0,0.7700683908846018,A
34.0,34039.92591739172,14.0,0.9160327099917218,B
46.0,,14.0,0.5134727290277531,B
37.0,54143.04075805785,16.0,,C
33.0,87717.37519434068,10.0,0.8733082832014263,A
25.0,57387.40899292563,28.0,0.3716701087212857,B
18.0,85018.3141667928,,0.7541371605830732,B
,43443.88953326989,7.0,0.44725267014581127,A
34.0,68808.88750204188,,0.6153708550654735,B
,64791.00395686843,11.0,0.5636071428899588,A
,46964.291282028265,16.0,0.4562982598948156,C
45.0,62660.9417195541,23.0,0.45253471085125874,A
30.0,78187.782552474,9.0,,C
23.0,55143.124435700985,14.0,0.7493308992244023,B
25.0,34620.56026245355,13.0,0.5805395695217245,A
28.0,59736.557602838315,15.0,0.6105169738099825,B
56.0,46463.65357811231,13.0,0.685676109943657,A
27.0,54864.885920041765,17.0,0.45425718404805604,B
,58776.183454723185,12.0,0.7109538762619384,B
26.0,137660.86703906895,91.0,0.722901464558962,A
44.0,35765.12491018983,,0.9905439448125615,A
39.0,268924.0101315315,95.0,0.5435843714160626,B
,52159.219557454795,15.0,0.5312877297497809,A
,21528.834872691492,8.0,,C
,71772.66054912203,12.0,0.7228656253368207,B
18.0,18268.526999291444,,0.9700695258175532,B
30.0,49291.87763945274,15.0,0.5395255984604926,A
23.0,40247.54683412638,19.0,0.681169625732706,B
22.0,72537.11844471506,18.0,0.47586236388980074,C
37.0,65240.259338406446,16.0,0.5384199017977478,A
51.0,95739.0342402611,17.0,0.6134389151052652,A
37.0,,25.0,0.7493908027233387,A
34.0,65815.54711893022,14.0,0.5093102075730689,A
38.0,57496.081048371525,15.0,0.3236423306953992,B
48.0,72251.63800801187,14.0,0.3125103798722684,A
37.0,69376.27801872231,18.0,0.41108803999407995,B
31.0,78775.87512847793,11.0,,A
,52180.15622044073,12.0,,A
39.0,53468.887905840566,24.0,0.42166797696035924,A
50.0,52813.452436320295,11.0,0.49458675602681934,C
37.0,71862.02581768484,15.0,0.4838871172526925,B
23.0,82475.61660445097,18.0,0.533923820872801,A
21.0,53117.39260276049,11.0,0.7983756497284683,B
52.0,53628.39408310363,15.0,0.6992921384145775,A
52.0,64711.15835804699,12.0,0.6024194122914006,A
33.0,56313.57749980648,,0.5308460579128742,A
31.0,74280.80479709835,17.0,,C
50.0,26223.340640714297,15.0,0.6491619704927925,B
24.0,47599.42429624658,14.0,,B
26.0,48263.75499057831,12.0,,A
41.0,25194.65981420783,11.0,0.6054721133421347,A
31.0,,14.0,0.29525706470054597,B
35.0,46272.65826231111,18.0,0.6317570676255895,A
33.0,56983.43018221755,12.0,0.7143223862938028,C
38.0,76694.48837490396,14.0,0.5579897059678687,B
49.0,56324.09023213947,13.0,0.8724790494210157,A
36.0,44537.79419593269,15.0,0.46781423288459245,B
41.0,59145.68188179706,16.0,0.6326160622954892,C
14.0,75737.60432162024,21.0,0.5946262880001066,A
35.0,45360.61775827643,14.0,0.5849553498834887,B
,46341.376741178276,15.0,,C
23.0,,16.0,,A
26.0,56676.95826403799,19.0,0.727193811519555,C
32.0,69712.27036064211,13.0,0.8066604354412116,A
44.0,59795.29812307055,12.0,0.5996624633243763,B
22.0,70524.9547213435,23.0,0.722297410825745,B
35.0,44473.82828939039,16.0,0.4947349580599826,B
30.0,59818.73023817599,11.0,0.714893317908935,A
32.0,56839.64978455265,14.0,0.48570127142595143,B
45.0,41761.63613843804,17.0,0.7635989904132198,A
40.0,36547.83078196968,11.0,0.9315961316089859,A
48.0,,10.0,0.5816874168042913,A
33.0,54735.71426673033,19.0,0.2711184763788887,B
28.0,44665.795775290055,12.0,0.5177890600132765,A
33.0,58557.31594615002,14.0,0.7847812701433955,A
37.0,76920.28286023953,,,C
37.0,,13.0,0.6373370398012544,A
24.0,37550.41965145011,11.0,0.7513002533932258,A
36.0,46156.703371570984,5.0,0.6726680158872633,A
37.0,81917.68300080493,15.0,0.7826587781176704,A
60.0,64238.80474378945,9.0,,B
21.0,17288.220842707793,18.0,0.9715863131286424,A
26.0,42897.58621310654,11.0,0.6538194125859381,A
,43206.961870942105,14.0,0.7357889102240932,C
20.0,66717.20575084066,20.0,0.5539309390371322,C
,60874.1149640317,,0.509780878266149,B
38.0,68231.0822829619,22.0,0.856015146062846,C
47.0,57184.93513607322,9.0,0.6324307014484032,C
28.0,,11.0,0.7207320848793568,A
,,15.0,0.6185610021617085,B
14.0,71666.51083627388,19.0,0.5120226523620053,B
33.0,72105.12422916706,12.0,0.6016474338873602,A
24.0,35701.920084123456,14.0,0.8153991026651571,A
30.0,26290.971669887163,20.0,,A
26.0,75026.1809647726,17.0,0.34327902604043115,B
34.0,77815.87639892905,12.0,,B
17.0,44690.65470729994,20.0,0.8673440689057068,B
20.0,32102.46890181557,16.0,0.5679304707225066,A
56.0,61485.52231510801,10.0,0.3299281962398729,A
22.0,,14.0,0.8839573328133815,A
,86963.91783651472,15.0,0.7023588764719189,B
53.0,,12.0,0.58949807117808,C
64.0,,12.0,,C
23.0,46603.04067622706,15.0,,C
31.0,60171.76937505982,14.0,,C
38.0,55511.029441721155,21.0,0.7722384636773982,C
52.0,,18.0,0.6813292928586384,A
25.0,90731.3347629493,15.0,0.6367022888231024,A
33.0,86777.52603108197,17.0,,A
43.0,77040.73025333142,14.0,0.5737547944928733,A
39.0,46187.244032863084,12.0,0.7568460180313898,A
31.0,72825.28986445918,20.0,0.47019857518472485,A
34.0,69594.39614246853,18.0,,C
21.0,66638.18436306079,16.0,0.6921660184338712,A
33.0,78744.97900565666,19.0,0.6946857492100721,C
32.0,69530.56714291916,11.0,0.672036172876765,B
37.0,71100.21354456503,16.0,,B
29.0,69553.59425058315,,0.5519189432493679,B
40.0,65111.87112003159,20.0,0.7181224056578288,A
45.0,,14.0,,B
37.0,61254.31616115836,12.0,0.5269329658777233,A
39.0,206628.48246905248,11.0,0.55321630316169,C
36.0,163209.54254159878,18.0,0.9030959548163748,A
,85227.24928951236,12.0,,A
,85934.93011328555,24.0,0.6749682156443698,B
38.0,80388.30900443418,17.0,0.3481334358564424,B
,63828.20125283812,15.0,,A
56.0,80259.37681428985,14.0,0.5349558772268719,B
21.0,14362.895120820824,19.0,0.9453710640462242,A
39.0,63041.95915346669,16.0,0.6583556385650644,B
27.0,43597.92944307026,22.0,0.5429942906711706,A
24.0,65954.8695674826,11.0,0.2851190486158134,A
47.0,60905.78892636626,9.0,,A
38.0,40460.21824748303,8.0,0.8152509266983402,A
40.0,59232.043322751044,19.0,0.8235186513444858,A
18.0,58804.056542147875,18.0,0.6538434660977206,A
44.0,86963.4174996696,20.0,0.6069087207865673,A
40.0,73413.19992770115,15.0,0.7992234931343695,A
24.0,60171.68158637199,14.0,0.8523575378010146,B
30.0,63731.80964701624,15.0,0.7700353054313437,A
38.0,60663.18567156297,19.0,0.4587693596655298,B
,56956.290228066784,10.0,0.6302017279822383,C
32.0,43763.592039175695,19.0,0.6659274216437143,A
34.0,57734.22183589606,13.0,0.3285574546624156,C
32.0,48808.5261502123,12.0,,A
37.0,41245.2669161528,12.0,0.9409487738969083,A
,67668.32721821302,16.0,0.6959904248701186,B
9.0,65868.96989899852,16.0,0.8210119622162634,B
,,17.0,0.6274372095193057,C
37.0,58159.73043757309,17.0,0.5890172514024268,A
38.0,74935.52078849885,14.0,,B
31.0,75888.35608344481,9.0,,A
17.0,75387.55264327858,14.0,0.45543372191484166,A
38.0,60583.6981035219,12.0,0.7899456835754048,A
52.0,47324.320080462734,15.0,0.8058513514299777,C
20.0,43744.51758962909,15.0,0.4513340526618974,A
44.0,,,0.7451998206830797,C
32.0,65689.20051547745,,0.5869560036590968,B
34.0,79309.96667407599,8.0,0.6509712861735646,B
24.0,76499.69475513126,15.0,0.6690327959152595,B
32.0,58016.57015203242,15.0,,C
,,25.0,,A
41.0,55213.40104483653,11.0,0.8115242992952904,A
52.0,63258.46792215787,9.0,0.6464119259639887,B
47.0,56968.75131915894,14.0,0.6936276408704298,A
39.0,51331.588378835164,18.0,0.475010611269413,A
52.0,63793.272224548484,16.0,0.9237988516057251,A
39.0,52440.63387884085,,0.6704737384807449,A
43.0,50579.00874411939,16.0,0.7069496138017649,A
32.0,,17.0,0.35877212831826877,A
36.0,53970.11129806193,18.0,0.4765946965381348,C
,63661.56583467528,21.0,0.7856825531878096,A
45.0,64098.06034278184,12.0,0.6430336677438907,C
23.0,42908.56498362638,12.0,,C
21.0,20198.725672312605,15.0,0.9788162519600853,A
33.0,,11.0,0.5184325793470914,B
47.0,,19.0,0.8116975478815067,B
43.0,28250.183265442036,,0.586824648209445,B
,32072.322701362325,13.0,0.6307060029030794,A
42.0,60436.64919865004,,0.7768431867887472,A
19.0,60463.759170490484,17.0,0.46537605437180063,A
34.0,58235.837168623184,18.0,0.45107297882490904,B
,78212.84743392753,13.0,0.5705252369402839,C
30.0,19907.48350345593,11.0,0.7240759199431833,B
50.0,65939.00811646236,14.0,0.40036841210797636,B
41.0,83421.5730270536,18.0,,C
28.0,43083.288526624296,11.0,0.7235581390565688,B
25.0,54302.902323151575,12.0,0.5095532531149494,A
35.0,48706.62124157068,7.0,0.5411660980619575,C
23.0,46584.809308837066,10.0,0.3214784397089751,A
28.0,55106.0699246544,14.0,0.49815310284720266,A
38.0,,21.0,0.5988649055053273,B
47.0,,16.0,0.7395566786434338,C
41.0,54960.911624397784,11.0,0.48431547506480416,A
12.0,88575.90321096705,18.0,0.8486064180348745,A
38.0,60533.64715476937,24.0,0.4973165963730299,A
,86305.36540051621,13.0,0.4975362297622238,A
39.0,58600.520255197625,,0.8306036327846703,A
51.0,61965.86739069216,6.0,,B
14.0,65482.11708964252,18.0,0.5171962906482634,C
29.0,107682.80519051303,14.0,0.5767300303229109,A
,72769.28362267184,16.0,,A
19.0,49391.03205072805,19.0,,A
50.0,74534.96805413786,9.0,0.4774810231094616,A
39.0,54572.51194373488,16.0,0.5936349284881337,B
43.0,,,0.6135235241501359,B
29.0,73629.02039838166,14.0,,B
43.0,60466.283816567295,11.0,0.5916472421025009,A
46.0,64178.638717677095,22.0,0.600798429067755,B
37.0,60209.77832797939,22.0,0.7710314218405103,A
37.0,65048.74689908152,16.0,0.7811137542466802,A
38.0,66374.48846154223,14.0,0.5506185902461488,C
26.0,30945.49600941877,10.0,,B
,69998.590029143,20.0,,C
33.0,45269.70870254549,15.0,0.5122217326609483,C
39.0,153462.05186643533,93.0,0.6882960227606104,B
45.0,59123.83134211976,11.0,0.5868140268946178,C
24.0,61259.71504971681,,0.4545902133392069,A
34.0,49597.40753141579,13.0,0.456474493068053,A
,72465.47786501961,12.0,0.8170588044046653,A
28.0,39867.3725044364,22.0,0.5765367781285052,A
27.0,53895.843768411614,10.0,0.8460531140847466,A
37.0,51226.88797600499,17.0,0.5229545608927635,A
43.0,59301.19094490991,8.0,0.643680780169724,B
35.0,64182.96426970858,18.0,0.9589015084527361,B
48.0,44881.60575564683,13.0,0.4413919883005081,B
44.0,70864.24016184342,15.0,0.3153278250150335,A
43.0,60945.035525020496,17.0,0.7929885196930849,B
41.0,31620.80620032134,,0.4759786341910389,A
58.0,30621.128394044536,,0.5968940453840649,A
33.0,59815.21060606033,17.0,,A
15.0,56685.49023320469,12.0,0.6402244171432974,A
51.0,58448.6982963805,14.0,0.45741956892213864,A
30.0,59580.26315204673,15.0,,C
,63383.39759265271,13.0,0.6674722989834802,B
48.0,74214.7441477245,9.0,0.44875366705886066,B
19.0,43333.426486236625,,0.49498739555311666,A
22.0,42420.42610648808,14.0,0.5478925749602203,C
19.0,,,0.38567768486605825,B
27.0,64333.7500075306,16.0,0.5366158525801881,A
39.0,78674.21067969668,,0.6178194809854353,B
40.0,53529.908426407346,14.0,0.5400676587617357,A
38.0,22474.502337605183,,0.5592935260602413,A
21.0,,19.0,,A
12.0,,6.0,0.5016384806351529,B
36.0,,15.0,0.7036593848800315,A
30.0,53874.17059117911,20.0,,A
40.0,,15.0,0.5303429411706827,A
42.0,55323.80503766329,12.0,0.672779734721656,C
36.0,,9.0,0.564057426684803,A
43.0,49859.74041477947,,0.6548231017557757,A
37.0,47065.230607866855,27.0,0.8348669296804881,A
40.0,,15.0,0.6762989314527148,C
28.0,36965.36895110821,14.0,0.33398781917854786,B
33.0,65845.37557980003,20.0,,C
37.0,61538.297755894004,,0.7849295614963514,A
43.0,57788.362651227486,,0.5667605745002846,A
31.0,83824.14160723894,11.0,0.7493452209176749,B
40.0,50666.88832057923,12.0,0.4964826688272081,A
32.0,90904.47255786118,13.0,0.3771691260716589,C
34.0,56618.52826157851,15.0,0.621175352824896,C
43.0,40844.75332544658,20.0,0.3365284918880529,A
,61048.79371492238,13.0,0.5640343480659612,C
22.0,43856.32199521847,15.0,0.7930263393968254,B
20.0,48723.66228279749,12.0,0.3135355641380579,A
12.0,65955.49950023237,10.0,0.4080754806129153,A
28.0,68333.73132975187,22.0,0.44519516322576336,A
42.0,50667.48449618612,17.0,0.590502021043356,C
32.0,74811.077175696,10.0,0.5451424821530686,A
,77362.616370317,15.0,0.8098704572544131,A
46.0,81544.52634844936,16.0,0.7431522493637546,B
48.0,67941.20110688583,22.0,0.6742909419102897,A
34.0,,5.0,0.6218445471515827,A
,31788.023580389134,12.0,0.658984466547724,B
19.0,18796.585947349417,11.0,0.9491640554424897,A
,46994.92115514861,14.0,0.7285815530334918,A
29.0,61788.387916910884,13.0,0.4331933618461198,A
20.0,,22.0,,A
26.0,57507.632370754014,15.0,0.7779213753178247,A
,,18.0,0.631629690313213,B
43.0,57454.20305369433,14.0,0.5735680411557036,C
19.0,21244.124381811438,19.0,0.9548290431920485,A
21.0,56515.96005113647,22.0,0.17077224448489903,C
39.0,61135.699319352505,9.0,0.6453387327728192,B
25.0,,19.0,0.582996900324029,B
40.0,66724.8609895974,20.0,0.5924057830414513,B
34.0,77479.61303320766,12.0,0.7059798769346741,B
17.0,84710.90996404993,6.0,,C
44.0,64644.3012286375,12.0,,A
29.0,68843.20329053403,14.0,0.5787895993761932,B
30.0,42737.032362216494,,0.6101333226121236,A
24.0,234727.39545506277,95.0,0.6172400867371519,A
28.0,74104.34197325383,,0.6242879050927602,B
39.0,291958.1183050292,10.0,0.7559053567377829,A
33.0,63174.145991925754,16.0,0.43709481704487785,A
38.0,,19.0,0.6263550684247274,A
39.0,67361.50063490728,10.0,0.7934894547927361,A
48.0,78004.59387388983,11.0,0.3398082754594207,B
32.0,64340.387354356666,16.0,0.626947002117008,B
20.0,54664.52526643448,22.0,,A
46.0,65037.61885399536,16.0,0.5443934423290342,A
32.0,16041.084362208363,19.0,0.46427887451783667,A
46.0,65743.28604577575,15.0,,A
,5273.807621778244,17.0,0.8761883421640356,B
34.0,34148.048888918725,22.0,0.41033544582341797,B
38.0,66776.52901411476,,0.4245584996281759,A
55.0,67162.94005900194,16.0,0.40470981447547427,A
56.0,42563.568297901045,14.0,,C
36.0,49318.46937181592,14.0,0.5306490441718069,B
37.0,80558.11482921198,15.0,0.5961541409478488,A
46.0,52739.54802640986,9.0,0.539582558834064,A
27.0,93643.80468604478,13.0,,A
38.0,59971.202202354805,14.0,,C
35.0,66120.542653219,12.0,0.968736540860484,A
38.0,84253.11597747912,8.0,0.8088106381461382,A
27.0,61965.406742901294,17.0,0.47205932733115913,C
19.0,44964.840289637985,17.0,,B
14.0,58354.08822458565,23.0,0.47527158410004355,A
24.0,59465.83895714863,20.0,0.33354485417306684,A
30.0,39528.87521697652,13.0,0.7529266376496944,A
32.0,56162.51892988765,15.0,0.7740139269965326,B
54.0,48867.11859003845,7.0,0.7569078376571848,A
46.0,73865.36635781151,12.0,0.5295202126170641,C
25.0,60519.178112778834,11.0,0.574983639899702,C
38.0,55758.06376278645,16.0,,B
31.0,58407.271040661355,13.0,0.658724405602216,B
32.0,,18.0,0.5409543793054433,A
37.0,69252.2129953467,,0.3571392269822753,A
41.0,45004.31656995928,19.0,0.6170812791213018,B
32.0,44376.18551068092,14.0,0.761851445885417,A
46.0,76570.18823103796,9.0,0.4203617566448764,A
24.0,53814.94691692904,10.0,0.6958139072513965,A
35.0,38747.368611046884,15.0,0.6497312542700538,A
61.0,66657.19064074657,20.0,0.71252223948485,A
37.0,66950.5470904903,16.0,0.7307963249578511,B
49.0,37039.2711411494,17.0,0.49583021371119707,C
,63442.225731954095,11.0,,B
41.0,71033.7463864256,17.0,0.519972071147568,C
34.0,65615.79677559395,,0.7333690976290511,A
33.0,69479.72225642094,,0.5186994144711043,C
27.0,38935.963528638764,13.0,,B
,64965.602324942935,6.0,0.32679744871130423,A
26.0,,18.0,0.8628971331826408,C
42.0,52758.14761913033,15.0,,A
46.0,73058.3341412959,13.0,0.7154843971912146,A
39.0,82189.11766011345,14.0,0.745158808016921,A
32.0,86915.55081900538,8.0,0.6865062542315102,A
40.0,,11.0,0.5633506717230706,A
32.0,58353.987275547246,12.0,0.5754353843816697,B
44.0,65290.802445395144,,0.5358653453111812,C
17.0,71502.34307676366,22.0,0.99521111316225,A
32.0,61817.66923949193,8.0,0.6833868046949163,B
15.0,61961.462818673164,8.0,0.5304299337972848,A
20.0,72356.29697814272,11.0,,C
